advise,search,remind,0,9
affect,extend,travel,9,0
amend,scare,waive,0,9
amount,signal,pledge,0,9
anger,click,grind,0,9
anger,swell,click,9,0
appeal,injure,obtain,0,9
applaud,install,cherish,0,9
ask,run,try,0,9
assume,record,forget,9,0
autograph,catalogue,redevelop,9,0
bail,exit,stud,9,0
beware,induct,drench,9,0
blacken,horrify,triumph,9,0
blanket,retrain,nourish,0,9
bother,assist,donate,9,0
braid,vomit,crest,0,9
brandish,theorize,redirect,0,9
bypass,excuse,ratify,9,0
chop,wipe,hunt,0,9
clean,quote,drink,0,9
compel,enlist,batter,9,0
confer,entice,strand,9,0
constrain,skyrocket,dissipate,0,9
cook,burn,jump,9,0
corrupt,deflate,implore,9,0
cost,earn,pick,9,0
cough,decry,widow,9,0
course,ingest,ration,0,9
cover,watch,break,9,0
damp,skew,ooze,0,9
decry,widow,rebut,0,9
detain,invade,unfold,9,0
diversify,overstate,privatize,0,9
dodge,stray,whisk,9,0
drain,label,haunt,0,9
dream,crash,trace,0,9
duel,mint,loop,0,9
dwell,incur,stamp,9,0
enable,cancel,submit,0,9
enable,inform,cancel,9,0
exist,sound,study,0,9
falsify,dissect,devalue,0,9
fast,bare,herd,0,9
feature,prevent,express,0,9
feign,chair,clasp,0,9
fit,tie,lie,9,0
flap,duel,mint,9,0
float,arise,coach,9,0
forgo,evict,shred,9,0
fulfill,convene,swallow,9,0
function,underlie,motivate,0,9
funnel,herald,thrust,0,9
garner,delete,dispel,0,9
gear,mask,plug,9,0
gnaw,bowl,pelt,0,9
goad,maim,tail,9,0
grind,slash,upset,9,0
grip,tout,blur,9,0
harass,rattle,verify,9,0
harm,fine,melt,0,9
harvest,shelter,refrain,9,0
hide,mark,cook,9,0
hinder,impede,sketch,9,0
hinder,sketch,lessen,0,9
hope,stop,kill,9,0
hurt,tend,sing,9,0
impose,demand,result,9,0
inform,cancel,praise,0,9
ingest,retake,orphan,9,0
instill,despair,refocus,0,9
kidnap,tailor,thwart,0,9
learn,stand,agree,0,9
lessen,attest,recede,0,9
letter,encode,fixate,9,0
list,fear,view,0,9
loathe,better,divest,0,9
long,bank,hike,0,9
mesh,wall,envy,9,0
minister,digitize,abdicate,0,9
misrepresent,disintegrate,congratulate,9,0
misspell,champion,override,0,9
name,draw,walk,9,0
narrow,soften,enlist,9,0
notch,verse,taper,0,9
oblige,ponder,hammer,9,0
oppress,preview,absolve,0,9
outrun,expend,behold,9,0
part,suck,lurk,0,9
placate,refocus,reprint,9,0
please,survey,reward,0,9
race,wrap,grab,0,9
rake,skim,teem,9,0
reassess,dissuade,catapult,9,0
reconstruct,appropriate,assassinate,9,0
redeem,insult,dazzle,0,9
red,gag,tan,0,9
reform,stroll,acquit,0,9
refresh,forsake,consign,0,9
refurbish,telephone,structure,0,9
reprimand,hamstring,legislate,0,9
rest,bury,wind,9,0
retell,squash,parody,0,9
revoke,addict,harden,0,9
reward,murder,derive,0,9
ride,jump,list,9,0
rust,dawn,foil,0,9
sadden,redeem,insult,0,9
salt,lick,toil,9,0
salt,wail,lick,0,9
save,cost,earn,0,9
scold,fence,repel,0,9
scorch,refund,rework,0,9
serve,allow,offer,0,9
shelter,prolong,migrate,0,9
shepherd,mistreat,obligate,0,9
shun,fish,fool,0,9
signal,detect,pledge,9,0
simplify,redesign,mobilize,9,0
skip,edge,tape,9,0
sneak,creep,blast,9,0
spur,chop,film,9,0
squash,foment,parody,9,0
stab,hint,bite,0,9
staff,crave,groom,0,9
stagger,mediate,torment,0,9
stay,read,join,0,9
stomp,befit,douse,0,9
string,fasten,reckon,9,0
tame,cull,word,9,0
throw,shoot,score,9,0
transcend,duplicate,culminate,0,9
travel,oppose,insist,0,9
tread,delve,group,9,0
trouble,distort,station,9,0
tutor,front,coast,9,0
veto,edge,defy,0,9
vet,oil,saw,0,9
whip,suit,stab,0,9
word,rail,code,0,9
wreak,scold,repel,9,0
wreck,probe,blaze,0,9
abort,party,cough,1,8
accept,manage,charge,8,1
accredit,overload,bequeath,1,8
achieve,predict,dismiss,8,1
adapt,trail,value,1,8
adapt,value,house,8,1
affect,emerge,extend,1,8
affirm,couple,circle,1,8
afflict,reunite,unravel,1,8
afford,review,engage,1,8
amass,fault,prize,1,8
ambush,streak,humble,8,1
appear,create,remain,8,1
appear,remain,become,1,8
appoint,confirm,finance,8,1
apprehend,fertilize,supersede,1,8
arise,crack,react,1,8
ascertain,spotlight,correlate,1,8
assault,clarify,trouble,1,8
assemble,restrict,prohibit,8,1
auction,commute,whisper,1,8
avert,field,shrug,1,8
bail,stud,weep,1,8
bake,spur,film,1,8
bang,prod,part,8,1
ban,lay,fix,1,8
bare,herd,meld,1,8
battle,render,credit,8,1
befall,accede,course,8,1
befit,douse,email,8,1
belong,devote,divide,8,1
bemoan,gallop,demote,1,8
benefit,capture,inspire,1,8
bet,dig,age,8,1
betray,export,regret,1,8
bet,vow,dig,8,1
blacken,acclaim,horrify,1,8
blame,shift,dress,8,1
blindfold,repackage,interlock,1,8
blister,startle,inflame,1,8
blister,suffice,startle,1,8
bloom,drill,tower,1,8
bomb,tuck,flip,1,8
brace,exert,scout,8,1
break,drive,learn,8,1
bring,offer,write,8,1
broaden,mislead,persist,1,8
broker,revert,grieve,8,1
brown,eject,empty,1,8
buck,glue,tame,1,8
bully,purge,grace,8,1
bundle,impact,polish,8,1
buoy,coax,poll,8,1
buoy,mute,coax,1,8
burn,jump,fear,1,8
bury,hate,star,8,1
bus,pan,ram,1,8
cancel,praise,submit,1,8
cash,wage,whip,8,1
cave,wall,vend,8,1
channel,succumb,lecture,1,8
charter,earmark,terrify,8,1
chase,swing,strip,8,1
check,match,press,8,1
cherish,stumble,process,1,8
choke,level,grasp,1,8
chop,film,wipe,1,8
clock,brave,slate,1,8
coast,growl,annex,1,8
codify,bleach,befall,1,8
collect,succeed,mention,8,1
color,stare,equip,8,1
command,reserve,analyze,1,8
compile,witness,tighten,1,8
compliment,foreshadow,legitimize,1,8
comply,scream,ensure,1,8
conceive,overturn,envision,1,8
confide,further,depress,8,1
convey,weaken,revise,1,8
correspond,streamline,disqualify,8,1
cover,force,watch,1,8
craft,lodge,evade,8,1
cramp,glean,imbue,1,8
crash,taste,evoke,1,8
crash,trace,taste,8,1
crawl,boost,slump,1,8
crowd,sport,brush,8,1
cull,word,rake,1,8
curb,fine,rend,1,8
dash,wane,cram,1,8
date,stir,bind,1,8
debate,repair,import,1,8
decay,bribe,spurn,1,8
decay,spurn,glaze,8,1
decree,censor,flaunt,1,8
defy,yell,bake,8,1
depart,uphold,wander,1,8
depict,attach,borrow,8,1
deploy,regain,linger,8,1
deport,arouse,outlaw,1,8
deport,entice,arouse,8,1
depress,besiege,tarnish,1,8
determine,establish,represent,8,1
devour,bestow,excite,1,8
disapprove,circumvent,outperform,8,1
disarm,circle,falter,1,8
discover,indicate,threaten,8,1
dispel,flower,soothe,1,8
display,attempt,arrange,1,8
down,levy,bolt,1,8
drain,shine,label,8,1
drench,infest,ticket,8,1
drift,weave,spare,8,1
drown,bless,crowd,1,8
duck,wire,swap,1,8
dupe,fell,goad,1,8
dwell,shave,incur,1,8
educate,proceed,justify,1,8
eject,shore,amuse,8,1
elevate,fulfill,swallow,8,1
embellish,rearrange,constrain,8,1
emulate,worship,dissent,8,1
encompass,fascinate,devastate,8,1
endear,molest,digest,1,8
end,own,cut,1,8
engender,sandwich,chastise,1,8
engrave,subvert,launder,1,8
enlighten,downgrade,overpower,1,8
enroll,glance,awaken,1,8
entertain,sacrifice,publicize,1,8
escort,reform,stroll,1,8
evade,fetch,brown,8,1
exact,swoop,patch,1,8
exempt,vacate,derail,8,1
exhaust,worship,flatten,1,8
exile,shell,sniff,8,1
exit,crop,trip,1,8
expel,round,deter,1,8
extol,awake,charm,1,8
falsify,devalue,outpace,8,1
falter,revamp,topple,1,8
fast,herd,rave,1,8
fear,view,test,8,1
fence,repel,strut,8,1
figure,repeat,defeat,8,1
finish,accept,charge,8,1
fire,step,hurt,1,8
flex,dish,spar,1,8
flex,spar,nest,8,1
flip,ally,stun,1,8
flirt,sting,smack,1,8
forage,tattoo,letter,1,8
forestall,landscape,persevere,1,8
forget,answer,listen,1,8
freak,braid,vomit,1,8
fund,peel,jail,8,1
furnish,channel,deflect,8,1
further,sweeten,depress,1,8
gain,deny,hire,1,8
glitter,magnify,discern,8,1
glorify,detract,stylize,1,8
gloss,shear,feast,8,1
glow,scan,pair,8,1
govern,expose,assure,1,8
grate,charm,crank,1,8
grate,crank,wrest,8,1
gratify,embroil,scuttle,8,1
gratify,scuttle,divulge,1,8
groom,stray,hedge,1,8
ground,remark,kidnap,8,1
growl,chain,prime,1,8
grow,lose,turn,1,8
grow,move,lose,8,1
guess,lower,solve,1,8
guide,await,mourn,8,1
handicap,undulate,overheat,1,8
happen,reduce,decide,1,8
hark,flex,spar,1,8
hasten,ravage,broker,8,1
hate,star,pour,1,8
herd,rave,prey,1,8
hijack,ascend,nestle,8,1
hijack,incite,ascend,8,1
hound,coast,growl,1,8
imbue,outdo,tweak,1,8
impact,polish,thrill,1,8
incite,ascend,stitch,8,1
infect,convey,weaken,1,8
inspire,abandon,comment,1,8
interest,simulate,languish,8,1
invite,wonder,regard,1,8
invoke,narrow,divert,1,8
jog,don,shy,8,1
join,bear,hope,1,8
joke,oust,swim,8,1
judge,weigh,track,8,1
juggle,marvel,burden,1,8
jut,gap,sob,8,1
keep,need,lead,8,1
kneel,skirt,gross,8,1
knit,time,hook,1,8
know,take,have,1,8
lag,rub,tip,8,1
lapse,screw,curry,8,1
leap,yell,cool,8,1
lighten,meander,emanate,1,8
liquidate,slaughter,enlighten,8,1
loop,bare,meld,1,8
loosen,rotate,affirm,8,1
lump,bead,hark,8,1
manifest,expedite,reenter,8,1
march,imply,chase,1,8
marshal,plaster,outlast,1,8
mash,foil,tire,8,1
meet,grow,lose,8,1
menace,accost,scroll,8,1
mend,scar,sour,8,1
mentor,detest,purify,1,8
merit,flush,blind,1,8
mirror,reform,acquit,8,1
mix,sue,lay,1,8
motivate,endanger,transmit,1,8
muster,reason,dangle,8,1
near,glow,scan,1,8
neglect,animate,conceal,1,8
nest,damn,redo,1,8
nickname,overflow,reassign,1,8
nod,sum,lag,1,8
note,wear,miss,8,1
number,adhere,shield,8,1
oblige,fulfil,ponder,8,1
outgrow,cushion,disable,1,8
overhaul,progress,coincide,8,1
overload,bequeath,resettle,8,1
overthrow,terminate,reproduce,8,1
paint,train,block,1,8
pertain,remarry,instill,1,8
pilot,flick,clock,1,8
plant,alter,renew,1,8
plot,rock,doom,1,8
poise,stock,repay,8,1
pool,dock,bust,8,1
pose,hand,rush,8,1
praise,resist,assign,1,8
praise,submit,resist,8,1
predict,dismiss,contend,1,8
preview,absolve,reprise,1,8
program,shorten,indulge,1,8
progress,coincide,imprison,8,1
pry,bog,dim,8,1
publicize,volunteer,transport,8,1
punch,defer,burst,1,8
punish,locate,indict,1,8
purify,encode,recoil,8,1
quarrel,blanket,outrage,1,8
quarrel,outrage,nullify,8,1
question,surround,conclude,1,8
quicken,glorify,recline,8,1
quit,flow,race,1,8
quote,climb,sleep,8,1
rack,tone,prop,1,8
ram,wed,mow,1,8
ransack,agitate,deviate,8,1
ransack,plunder,agitate,8,1
ready,wedge,stomp,1,8
realign,impound,idolize,8,1
rebut,clamp,frown,1,8
recess,stripe,thrash,8,1
redevelop,visualize,delineate,1,8
redirect,encircle,parallel,8,1
rejoin,tamper,smooth,1,8
relay,waver,bathe,8,1
relinquish,confiscate,exaggerate,8,1
relish,police,stifle,1,8
rend,hail,joke,8,1
replay,behold,tender,8,1
reply,mount,plead,1,8
repress,presage,diffuse,1,8
repress,profile,presage,1,8
repute,tether,debunk,1,8
rescind,blossom,fortify,1,8
reset,wager,amaze,8,1
reshape,conform,harvest,8,1
resist,assign,expose,1,8
retail,bleach,accede,1,8
retain,search,occupy,1,8
retell,denote,squash,8,1
retract,tremble,outgrow,1,8
reuse,crest,faint,8,1
revile,codify,befall,1,8
revoke,exempt,addict,8,1
revolve,comfort,extract,1,8
rewrite,abolish,clarify,1,8
ring,fuel,wash,1,8
rot,ski,war,1,8
ruin,seed,veto,1,8
rush,shut,blow,1,8
sag,vie,man,1,8
scan,pair,pave,1,8
scorn,fling,quell,1,8
screw,curry,hatch,1,8
season,abduct,wither,1,8
secede,tether,recant,1,8
secure,depict,borrow,1,8
seem,look,work,8,1
send,talk,fall,8,1
separate,transfer,register,8,1
shade,major,layer,1,8
sharpen,delight,profess,1,8
shelve,relent,gallop,8,1
shorten,indulge,grapple,1,8
show,help,tell,1,8
shun,fool,coat,8,1
sing,form,deny,8,1
slaughter,enlighten,downgrade,1,8
slug,tack,bond,8,1
smash,breed,erode,1,8
snow,damp,ooze,8,1
sob,bus,pan,1,8
sow,eye,bud,1,8
spin,wake,halt,8,1
spray,cease,abide,1,8
spread,gather,invite,8,1
stack,equal,avert,8,1
station,plummet,presume,1,8
steal,pitch,favor,8,1
steer,drift,flood,8,1
stockpile,intersect,forestall,1,8
stoop,flesh,quash,1,8
stop,kill,hear,8,1
strap,align,flock,8,1
streak,humble,crouch,1,8
stream,elicit,infuse,1,8
stress,revive,endure,1,8
strip,doubt,crash,1,8
stroll,acquit,ground,1,8
stylize,pertain,remarry,8,1
sum,lag,tip,1,8
supervise,interpret,construct,1,8
sweeten,besiege,glitter,1,8
tack,bust,bond,1,8
taint,prize,recur,1,8
talk,mean,meet,1,8
tan,lap,oil,1,8
tattoo,purify,letter,1,8
tax,rid,bid,1,8
teach,refer,prove,1,8
tear,date,bind,1,8
temper,couple,disarm,1,8
tend,sing,form,1,8
terrify,narrate,deceive,1,8
thank,split,guide,1,8
thin,feud,mend,1,8
thrive,comply,scream,8,1
tie,eat,act,1,8
tower,drape,phase,8,1
toy,bud,wax,8,1
track,award,state,8,1
train,count,adopt,1,8
transmit,withhold,conceive,1,8
transport,interfere,circulate,1,8
trash,ready,stomp,1,8
trek,punt,wean,8,1
triumph,commend,embroil,8,1
tumble,betray,combat,8,1
undercut,misspell,champion,8,1
undulate,overheat,encroach,1,8
unfold,please,tackle,1,8
unseat,inhale,enrage,1,8
unveil,worsen,enrich,1,8
usurp,angle,infer,1,8
utter,brand,annoy,1,8
vacate,harden,derail,1,8
vary,rest,wind,1,8
verify,master,hamper,8,1
verse,quilt,taper,1,8
vie,man,boo,8,1
void,deck,milk,8,1
wait,name,draw,1,8
waive,cheat,pound,8,1
wall,vend,envy,8,1
warm,bill,pile,1,8
wash,trim,risk,8,1
watch,close,break,8,1
wax,dye,pry,8,1
wedge,befit,email,8,1
weigh,track,award,8,1
weld,tail,claw,1,8
whisk,hedge,chart,8,1
wind,hate,soar,1,8
wire,swap,rack,1,8
worry,limit,trade,8,1
wrap,grab,vary,8,1
zone,flag,feud,8,1
zone,heap,flag,1,8
abate,wreak,scold,7,2
abound,dilute,simmer,2,7
absorb,endure,bother,7,2
abuse,cheer,stuff,2,7
accost,scroll,burrow,2,7
accrue,siphon,perish,7,2
acquit,remark,deepen,2,7
addict,harden,muster,7,2
addict,vacate,harden,2,7
adhere,filter,clinch,2,7
adhere,shield,filter,7,2
adjoin,pepper,square,2,7
afflict,collide,reunite,7,2
afford,devote,review,2,7
aim,tie,eat,2,7
ally,stun,chat,2,7
amplify,deceive,eclipse,2,7
angle,infer,black,7,2
annex,chain,trash,7,2
annul,droop,segue,2,7
annul,segue,short,2,7
answer,listen,depend,7,2
appal,steep,exude,2,7
argue,shoot,fight,2,7
arouse,strand,outlaw,7,2
array,tutor,front,2,7
aspire,foster,propel,2,7
assess,detect,evolve,7,2
assess,signal,detect,2,7
assist,donate,secure,2,7
attach,resume,exceed,7,2
attain,bruise,subdue,2,7
auction,whisper,curtail,2,7
audit,dwarf,botch,2,7
automate,simplify,redesign,7,2
average,request,stretch,2,7
avoid,issue,focus,7,2
await,mourn,weigh,2,7
award,state,smile,7,2
back,care,urge,2,7
back,urge,fire,7,2
bag,rat,lob,2,7
band,zone,flag,7,2
bank,hike,camp,2,7
batter,vanish,summon,7,2
bead,hark,flex,2,7
bear,hope,face,2,7
beat,fill,drop,2,7
bed,sap,row,2,7
belong,afford,devote,2,7
bemoan,demote,decree,7,2
bequeath,resettle,converse,7,2
berate,demean,outrun,7,2
bicycle,catalog,expound,2,7
bill,curb,fine,2,7
bind,slip,flee,7,2
blaze,flirt,hurry,2,7
blossom,earmark,fortify,2,7
boast,forge,slice,7,2
boast,slice,shine,2,7
boil,fold,seat,7,2
boo,dub,hop,2,7
book,spur,chop,7,2
boost,slump,cling,2,7
border,resort,rename,7,2
borrow,switch,matter,7,2
botch,homer,taunt,2,7
botch,major,homer,7,2
bottle,remedy,adjoin,7,2
bowl,tint,pelt,2,7
boycott,prosper,restate,2,7
boycott,reshape,prosper,7,2
brag,mold,plow,2,7
braid,ditch,vomit,7,2
branch,induct,pardon,7,2
break,learn,stand,2,7
brighten,irritate,strangle,7,2
bubble,spiral,dismay,7,2
bud,wax,dye,7,2
bully,grace,curve,2,7
bury,wind,hate,2,7
bypass,ratify,allude,2,7
cancel,submit,damage,2,7
cart,flex,dish,2,7
cash,whip,stab,7,2
catalog,implode,ransack,2,7
caution,preside,possess,7,2
cement,fasten,eschew,7,2
chant,skate,spray,2,7
charm,bulge,tally,2,7
chart,graze,wreck,7,2
check,pitch,match,2,7
cheer,equip,stuff,7,2
circle,falter,revamp,2,7
circumvent,outperform,sympathize,7,2
claim,marry,enjoy,2,7
clarify,trouble,inflict,2,7
clasp,graft,stunt,7,2
clasp,stunt,hoard,2,7
classify,demolish,relocate,2,7
click,flash,grind,2,7
climb,delay,sleep,7,2
cling,spawn,sneak,7,2
clone,flush,scour,2,7
clone,scour,swarm,2,7
cluster,sweeten,besiege,2,7
coach,light,trust,2,7
coast,annex,trash,7,2
coat,mock,bump,7,2
coerce,distil,beckon,2,7
coexist,reissue,deflate,7,2
coil,snub,quip,2,7
coin,vent,farm,7,2
comfort,dwindle,torture,7,2
commend,embroil,adjourn,2,7
comprehend,intertwine,disapprove,7,2
conceal,uncover,upgrade,7,2
condition,evaporate,modernize,2,7
confer,deport,entice,2,7
confess,exhibit,precede,7,2
conform,harvest,refrain,2,7
connect,recover,sponsor,7,2
consent,rejoice,overrun,7,2
constrict,ostracize,barricade,2,7
convert,oversee,deserve,7,2
cool,bake,book,7,2
correct,relieve,provoke,7,2
corrupt,implore,falsify,2,7
crack,light,react,2,7
cramp,imbue,outdo,2,7
crest,fancy,feign,7,2
crowd,stock,sport,7,2
cry,bar,ban,2,7
cry,mix,bar,7,2
cycle,posit,annul,7,2
damage,assign,govern,2,7
dampen,engulf,litter,7,2
dart,bank,camp,2,7
dart,long,bank,2,7
dawn,mash,foil,2,7
deal,head,push,2,7
debunk,swivel,mentor,7,2
decide,report,return,7,2
decimate,quantify,astonish,2,7
decipher,traverse,submerge,7,2
decree,flaunt,siphon,7,2
deepen,tailor,clothe,2,7
defraud,perfect,sharpen,2,7
defraud,sharpen,profess,2,7
defy,leap,yell,2,7
delete,flower,assail,2,7
deliver,realize,perform,2,7
delve,vault,group,7,2
demand,result,commit,2,7
demolish,relocate,escalate,7,2
denote,foment,father,7,2
deny,hire,file,2,7
depose,ordain,spiral,7,2
depress,tarnish,magnify,7,2
deprive,contest,retreat,2,7
derail,muster,unload,2,7
derail,unload,stream,7,2
deride,patent,hasten,2,7
design,recall,finish,2,7
despise,arraign,garnish,7,2
detach,expend,replay,7,2
detect,evolve,shrink,7,2
devour,excite,recoup,2,7
die,buy,set,2,7
dilute,simmer,anchor,7,2
dim,tow,err,2,7
dine,buoy,coax,2,7
disappear,interview,emphasize,2,7
disappoint,underscore,coordinate,7,2
disband,overlap,weather,7,2
discredit,reimburse,refurbish,2,7
dish,abet,iron,2,7
disillusion,reconfigure,synchronize,7,2
dismantle,implement,entertain,7,2
dismiss,contend,collect,7,2
dispatch,evacuate,suppress,7,2
distinguish,communicate,manufacture,7,2
distress,enshrine,headline,2,7
ditch,reuse,faint,7,2
divert,soften,compel,2,7
dive,tick,emit,2,7
dock,bust,zoom,7,2
don,shy,map,2,7
dope,slit,thaw,2,7
double,assert,prompt,7,2
doubt,crash,taste,7,2
draft,grill,arise,2,7
drag,lean,mind,7,2
drag,mind,edit,2,7
drench,ticket,sprint,2,7
dribble,abstain,regroup,7,2
drive,carry,reach,7,2
drown,tempt,bless,7,2
dry,vow,top,2,7
dye,gun,hum,2,7
dye,pry,gun,2,7
earmark,fortify,terrify,7,2
earmark,terrify,narrate,2,7
ease,pack,tear,7,2
effect,ambush,humble,7,2
elicit,impair,infuse,2,7
embroider,vindicate,terrorize,7,2
embroil,scuttle,adjourn,7,2
emit,slay,fend,2,7
employ,notice,retain,2,7
endanger,transmit,withhold,2,7
engage,resign,select,2,7
engulf,litter,browse,2,7
enliven,glimpse,restart,7,2
enroll,baffle,glance,2,7
enthral,trounce,rectify,7,2
entrust,remodel,gratify,2,7
equal,avert,choke,7,2
escort,stroll,ground,7,2
espouse,blacken,acclaim,2,7
evade,flank,fetch,2,7
evoke,speed,adapt,2,7
exact,piece,swoop,7,2
examine,convict,concern,2,7
exclaim,harness,coexist,7,2
exemplify,syndicate,resurrect,2,7
exist,apply,sound,7,2
expand,direct,accuse,7,2
expedite,reenter,flounder,7,2
extend,handle,travel,2,7
extend,travel,insist,7,2
eye,toy,bud,2,7
fall,open,base,7,2
fan,mar,air,2,7
farm,long,hike,2,7
fault,prize,shove,2,7
feed,shut,lift,2,7
fend,side,clog,7,2
ferment,ransack,plunder,2,7
field,level,shrug,7,2
field,shrug,stain,7,2
fight,score,cause,2,7
file,pull,deal,7,2
finalize,accredit,overload,7,2
fine,melt,rend,2,7
flare,scoff,pluck,7,2
flaunt,accrue,siphon,7,2
flirt,hurry,sting,2,7
flock,churn,perch,2,7
flop,brew,bask,2,7
flow,race,wrap,7,2
flush,blind,relay,7,2
fly,end,own,2,7
foil,tire,idle,7,2
fool,coat,mock,2,7
forbid,center,devise,2,7
forget,attack,answer,2,7
forgo,covet,evict,2,7
forward,deplore,despise,7,2
forward,despise,garnish,2,7
foster,propel,sample,7,2
founder,impeach,console,2,7
fracture,audition,vacation,7,2
fuel,wash,trim,7,2
furnish,deflect,counsel,2,7
fuse,clap,comb,7,2
gear,plug,span,7,2
glimpse,smother,stagger,2,7
glitter,discern,rescind,2,7
govern,assure,escape,7,2
grab,vary,lock,2,7
grade,skirt,trump,2,7
grade,trump,decay,7,2
gross,bribe,space,7,2
ground,kidnap,tailor,2,7
group,wheel,exact,2,7
hack,pool,slug,2,7
halt,fade,ship,7,2
halt,ship,drag,2,7
halve,affix,exalt,7,2
hamper,fulfil,patrol,2,7
handcuff,overhear,solidify,2,7
hand,rush,blow,2,7
harass,cruise,rattle,2,7
harvest,refrain,enlarge,2,7
heap,thin,mend,2,7
hide,cook,burn,2,7
highlight,advertise,supervise,7,2
hole,weed,mesh,2,7
honor,guess,solve,2,7
hook,calm,fund,2,7
hound,growl,chain,7,2
hurt,warn,tend,7,2
hype,trek,punt,7,2
impair,attain,subdue,2,7
impeach,coexist,console,2,7
impeach,console,corrupt,2,7
implode,ferment,ransack,2,7
imply,slide,chase,2,7
incite,stitch,breach,2,7
infer,black,rivet,2,7
inform,praise,resist,7,2
inhibit,rescind,charter,7,2
inject,strive,worsen,7,2
insert,screen,plague,2,7
intercept,overwhelm,penetrate,2,7
interlock,transpire,decompose,7,2
invert,repute,tether,2,7
invest,spread,gather,7,2
invoke,divert,compel,2,7
issue,focus,teach,7,2
jump,fear,test,2,7
jump,list,fear,2,7
jut,sob,pan,2,7
kiss,stun,sort,7,2
knit,roam,time,7,2
lace,shun,fish,7,2
lament,starve,triple,7,2
lament,verify,starve,2,7
lap,oil,bag,2,7
lap,vet,oil,7,2
last,mark,rank,2,7
laud,spew,howl,7,2
lead,help,seem,7,2
learn,carry,stand,2,7
leave,begin,think,7,2
let,die,buy,2,7
level,grasp,bleed,7,2
level,shrug,grasp,2,7
license,discard,inspect,2,7
license,inspect,rebound,7,2
lick,band,toil,2,7
limit,trade,claim,2,7
limp,farm,dart,2,7
linger,offset,depart,2,7
listen,demand,depend,7,2
list,view,back,7,2
litter,browse,defect,2,7
live,hold,show,2,7
lock,bury,hate,7,2
log,nod,pin,2,7
lower,solve,seize,2,7
lumber,renege,typify,2,7
lump,prey,bead,2,7
magnify,inhibit,charter,2,7
maintain,estimate,schedule,2,7
malfunction,nationalize,superimpose,2,7
map,rig,dog,7,2
mash,tire,hawk,7,2
mate,tint,even,2,7
matter,adjust,supply,2,7
matter,supply,instal,7,2
meander,emanate,radiate,7,2
meld,rave,lump,2,7
menace,refill,accost,2,7
milk,fast,herd,2,7
mimic,elude,align,2,7
mimic,gauge,elude,2,7
mind,edit,rent,7,2
mint,loop,bare,2,7
misinterpret,reinvigorate,overestimate,2,7
mislead,deprive,contest,7,2
mislead,persist,deprive,2,7
miss,fail,stay,7,2
mix,bar,sue,7,2
mop,bed,row,2,7
mourn,judge,weigh,7,2
murder,derive,orient,7,2
mute,coax,fret,7,2
narrow,divert,soften,7,2
neighbor,conspire,disguise,7,2
notch,hoard,verse,2,7
nullify,enchant,forsake,2,7
number,shield,repeal,2,7
obey,loot,bail,2,7
open,meet,base,7,2
opt,beg,rob,7,2
oust,bend,ruin,2,7
outdo,smear,tweak,2,7
outdo,tweak,extol,2,7
outfit,equate,dampen,7,2
outlast,ascribe,compute,7,2
outlast,disable,ascribe,2,7
outperform,sympathize,exacerbate,2,7
outrage,retrain,nullify,2,7
overhear,solidify,treasure,7,2
overlap,shuffle,weather,7,2
overpower,epitomize,victimize,2,7
overrun,exclaim,founder,7,2
overwhelm,penetrate,affiliate,7,2
pack,land,stir,2,7
pan,ram,wed,7,2
paralyze,multiply,sanction,2,7
pardon,drench,infest,7,2
parse,droop,impel,2,7
pause,enrol,stall,2,7
pause,widen,enrol,2,7
perish,darken,coerce,7,2
phone,utter,annoy,2,7
pick,beat,drop,2,7
piece,swoop,bench,7,2
pioneer,fulfill,convene,7,2
pit,nod,sum,2,7
plan,like,seek,2,7
plant,thank,alter,2,7
plot,mail,rock,2,7
plummet,scratch,revolve,2,7
pocket,berate,demean,2,7
point,issue,teach,7,2
pool,slug,dock,2,7
pop,aid,fry,2,7
pour,rate,ease,2,7
pray,shed,shop,2,7
prevent,express,respond,2,7
price,sweep,yield,2,7
probe,flirt,sting,2,7
proclaim,renovate,nominate,2,7
profess,exhaust,flatten,7,2
profile,repaint,journey,2,7
prolong,migrate,furnish,2,7
prompt,afford,review,2,7
propel,sample,spring,2,7
propel,spring,allege,7,2
punt,snow,damp,2,7
purify,letter,encode,2,7
put,add,win,7,2
put,ask,add,2,7
puzzle,embody,embark,2,7
quash,stone,stump,2,7
quell,clone,scour,2,7
quip,dupe,fell,7,2
quip,fell,bait,2,7
race,grab,lock,7,2
rain,sway,pace,7,2
rally,carve,merge,2,7
range,adopt,worry,2,7
rape,warm,bill,2,7
rap,sow,ply,2,7
rave,lump,prey,2,7
re-examine,transplant,straighten,7,2
react,smoke,thank,2,7
realign,enslave,impound,2,7
rearrange,constrain,skyrocket,7,2
rebel,orbit,spice,7,2
recant,debunk,swivel,7,2
record,attack,impose,2,7
rectify,costume,outlive,2,7
recur,brace,scout,7,2
redress,entwine,surmise,2,7
red,tan,lap,7,2
reel,beam,type,7,2
reflect,prepare,compare,2,7
refrain,prolong,enlarge,7,2
refute,unlock,exhort,2,7
regain,orient,linger,7,2
regard,assume,forget,7,2
regret,foster,sample,7,2
rehire,uplift,vilify,7,2
reinstall,intercede,constrict,7,2
rejoice,exclaim,harness,7,2
rejoice,overrun,exclaim,2,7
rejoin,smooth,seduce,2,7
relate,arrest,affect,2,7
relay,bathe,bound,2,7
relent,bemoan,gallop,7,2
remake,entail,weight,7,2
remark,kidnap,deepen,2,7
rent,sink,stem,2,7
repair,import,assess,2,7
replay,tender,paddle,2,7
report,change,appear,2,7
reshape,prosper,conform,2,7
resist,damage,assign,7,2
restate,shelter,prolong,2,7
resume,switch,exceed,2,7
resurrect,infuriate,formulate,2,7
retail,codify,bleach,7,2
rethink,furnish,channel,2,7
retrace,oppress,preview,2,7
return,accord,create,7,2
return,change,accord,7,2
review,divide,engage,2,7
revolt,elapse,heckle,2,7
reward,modify,murder,7,2
rhyme,morph,hound,7,2
risk,snap,wake,7,2
roast,dwarf,shade,7,2
roll,lack,cast,2,7
room,thaw,knot,2,7
root,seal,trap,2,7
rotate,affirm,temper,2,7
rouse,audit,dwarf,7,2
rove,will,loan,2,7
row,jut,gap,2,7
rub,arm,opt,7,2
rumble,devour,bestow,7,2
run,try,see,7,2
sadden,insult,harbor,7,2
sap,row,jut,2,7
satirize,vanquish,bankrupt,7,2
satisfy,consume,execute,7,2
saw,bag,rat,7,2
school,inhale,impart,2,7
scoff,curse,toast,7,2
scoff,pluck,curse,2,7
scorn,pinch,fling,7,2
screen,induce,plague,7,2
seal,dump,ring,2,7
search,remind,assert,7,2
secure,launch,depict,7,2
seduce,desert,deduct,2,7
seem,tell,look,2,7
sell,live,keep,7,2
send,fall,open,2,7
shadow,decree,censor,2,7
shame,pilot,flick,2,7
sharpen,profess,exhaust,7,2
shatter,impress,recount,2,7
shatter,neglect,impress,7,2
shock,color,abuse,2,7
shred,craft,lodge,7,2
shred,lodge,flank,2,7
shy,rig,fan,2,7
signify,disband,overlap,2,7
signify,inquire,disband,7,2
sign,read,love,7,2
sing,rule,form,2,7
sketch,fumble,lessen,2,7
skew,boot,pipe,7,2
skirt,trump,gross,7,2
slip,line,flee,2,7
slump,brief,cling,2,7
smell,pause,widen,2,7
snub,quip,dupe,2,7
sort,cash,whip,7,2
sow,ply,eye,7,2
span,knit,roam,2,7
spar,abet,nest,7,2
speed,adapt,value,7,2
spill,drift,weave,7,2
spit,nail,hurl,2,7
splinter,belittle,puncture,2,7
sport,repay,brush,2,7
spot,drag,lean,2,7
spot,lean,echo,7,2
sprout,baffle,refine,2,7
stain,bleed,unite,7,2
stall,erupt,blend,2,7
stamp,bloom,drill,2,7
stand,agree,raise,2,7
station,presume,nurture,7,2
step,hurt,warn,2,7
store,greet,draft,2,7
strain,mature,desire,2,7
strengthen,illustrate,accomplish,2,7
strike,attend,design,7,2
strike,design,finish,2,7
study,order,point,7,2
subject,mandate,dictate,2,7
submit,damage,govern,2,7
subpoena,renounce,legalize,2,7
subside,default,implant,7,2
subvert,pervade,launder,7,2
sue,lay,aim,2,7
suffer,refuse,intend,7,2
supplant,petition,confound,7,2
support,develop,produce,7,2
surmount,bludgeon,meditate,2,7
surpass,broaden,mislead,7,2
survey,reward,murder,7,2
sustain,advance,average,7,2
sweat,blink,endow,2,7
sweat,bound,blink,7,2
sweep,knock,wound,2,7
swell,click,flash,2,7
switch,exceed,matter,2,7
tackle,notify,modify,2,7
tail,claw,arch,7,2
talk,fall,mean,2,7
tap,aid,dry,7,2
tarnish,glitter,magnify,2,7
taunt,scorn,pinch,7,2
tempt,bless,poise,7,2
tend,cite,sing,7,2
tender,paddle,pickle,2,7
term,chew,reap,2,7
testify,benefit,capture,7,2
texture,compost,engross,7,2
thread,stroke,bemoan,7,2
throw,argue,shoot,2,7
thwart,preach,strain,2,7
tile,flap,void,7,2
time,hook,fund,2,7
time,slam,hook,2,7
top,age,owe,7,2
toss,load,free,7,2
toss,rent,load,2,7
total,draft,shout,7,2
tout,blur,dash,2,7
tout,dash,cram,7,2
tower,crawl,drape,2,7
trade,claim,elect,7,2
traffic,costume,suffuse,2,7
traffic,rectify,costume,7,2
trail,value,store,2,7
train,block,count,2,7
trample,dissect,purport,7,2
travel,insist,direct,2,7
treat,study,order,2,7
tremble,marshal,outgrow,2,7
trick,kneel,grade,2,7
trigger,confuse,venture,2,7
trigger,surface,confuse,2,7
trim,wave,spin,2,7
trump,decay,spurn,2,7
tune,ally,kiss,7,2
tune,kiss,sort,2,7
tutor,morph,front,7,2
typify,avenge,corner,7,2
undo,part,suck,2,7
unearth,glimpse,smother,7,2
unfold,tackle,notify,7,2
unify,hoist,purge,2,7
unite,model,alert,7,2
uphold,center,wander,7,2
uplift,swerve,retail,7,2
usher,hinge,phone,7,2
utter,annoy,glide,7,2
vary,lock,rest,2,7
veer,loot,exit,2,7
vent,limp,farm,2,7
venture,surpass,mislead,7,2
verse,taper,reset,2,7
veto,skip,edge,7,2
vibrate,encrust,glorify,2,7
vilify,swerve,revile,2,7
violate,connect,recover,2,7
wail,band,zone,7,2
wail,lick,band,7,2
walk,sign,love,7,2
ward,mill,spew,2,7
warn,tend,cite,2,7
warrant,auction,commute,7,2
warrant,commute,rewrite,2,7
war,tag,jog,7,2
weaken,revise,amount,7,2
wean,snow,snag,2,7
wed,mow,pen,2,7
weigh,award,smile,7,2
wheel,exact,swoop,2,7
whip,stab,bite,7,2
whisper,curtail,assault,7,2
widow,clamp,allay,2,7
widow,rebut,clamp,2,7
wield,steam,chant,2,7
win,use,get,2,7
wish,rely,link,7,2
wonder,reveal,record,7,2
work,call,give,7,2
wound,mount,clear,7,2
wrap,vary,rest,2,7
wreak,rinse,scold,2,7
yearn,merit,flush,7,2
yell,bake,spur,2,7
yield,knock,reply,2,7
